0,Ahmed Abd El Raouf,Egypt,Hammer throw,2008,Norandrosterone,2 years
1,Inga Abitova,Russia,Long distance,2009,Biological passport anomalies,2 years
2,Folashade Abugan,Nigeria,Sprinting,2010,Testosterone prohormone,2 years
3,Ibrahim Mohamed Aden,Somalia,Middle distance,1999,Ephedrine,Public warning
4,Tosin Adeloye,Nigeria,Sprinting,20122015,Metenolone Exogenous steroids,2 years 8 years
5,Funke Adeoye,Nigeria,Hammer throw,2007,Ephedrine,Public warning
6,Alessandra Aguilar,Spain,Long distance,2011,"",3 months
7,Amina Aït Hammou,Morocco,Middle distance,2008,3 whereabouts failures,1 year
8,Seltana Aït Hammou,Morocco,Middle distance,2008,3 whereabouts failures,1 year
9,Chioma Ajunwa,Nigeria,"Long jump, sprinting",1992,"",4 years
10,Esther Akinsulie,Canada,Sprinting,2013,Hydrochlorothiazide,6 months
11,Ashwini Akkunji,India,Sprinting,2011,Anabolic steroids,2 years
12,Mary Akor Basley,United States,Marathon,2012,Clenbuterol,2 years
13,Mikko Ala-Leppilampi,Finland,Long distance,1972,Self admittance of blood transfusions (not illegal at the time),—
14,Mariem Alaoui Selsouli,Morocco,Middle distance,2009 2012,EPOFurosemide,2 years 8 years
15,Sultan Al-Dawoodi,Saudi Arabia,Discus throw,2009,Norandrosterone,2 years
16,Denis Alekseyev,Russia,Sprinting,2013,Dehydrochloromethyltestosterone,2 years
17,Barakat Al-Harthi,Oman,Sprinting,2011,Methylprednisolone,6 months
18,Ghfran Almouhamad,Syria,Hurdling,2012,Methylhexaneamine,6 months
19,Anna Alminova,Russia,Middle distance,2010 2009,Pseudoephedrine Biological passport anomalies,3 months 30 months
20,Anthony Alozie,Australia,Sprinting,2013,Three Whereabouts Failures,20 months
21,Aslı Çakır Alptekin,Turkey,Middle distance/steeplechase,2004 2010,Metenolone Biological passport,2 years 8 years
22,Chinaza Amadi,Niger,Long jump,2015,Metenolone,4 years
23,Gloria Amuche Nwosu,Nigeria,Sprinting,2005,Testosterone,2 years
24,Anis Ananenka,Belarus,Middle distance,2015,GW1516,4 years
25,Andreas Anastasopoulos,Greece,Shot put,2001,"",2 years
26,Georg Andersen,Norway,Shot put,1991,Metenolone,21 months
27,Marvin Anderson,Jamaica,Sprinting,2009,4-Methyl-2-hexanamine,3 months
28,Lyudmila Andonova,Bulgaria,High jump,1985,Amphetamine,18 months
29,Yeorgios Andreou,Cyprus,Decathlon,2003,"",2 years
30,Vladimir Andreyev,Russia,Race walking,2005,Salbutamol,1 year
31,Yuriy Andronov,Russia,Race walking,2014,Trimetazidine,2 years
32,Ivanildo dos Anjos,Brazil,Long distance,2014,Hydrochlorothiazide,18 months
33,Adrián Annus,Hungary,Hammer throw,2004,"Missed test, tampering",2 years
34,Seema Antil,India,Discus throw,2000,Pseudoephedrine,Public warning
35,Elena Antoci,Romania,Middle distance,2008,EPO,""
36,Olena Antonova,Ukraine,Discus throw,2009 (Retested 2013),Stanozolol,2 years
37,Esref Apak,Turkey,Hammer throw,2013,Stanozolol,2 years
38,Thozama April,South Africa,Long distance,2014,"Phentermine, Prednisolone, Norandrosterone",2 years
39,Demetra Arachoviti,Greece,Hurdling,2012,Stanozolol,2 years
40,Geisa Arcanjo,Brazil,Shot put,2010,Hydrochlorothiazide,Public warning
41,Juana Arrendel,Dominican Republic,High jump,1999,Stanozolol,""
42,Katsiaryna Artsiukh,Kazakhstan,Hurdling,2010,Metenolone,2 years
43,Natalya Artyomova,Russia,Middle distance,"",Steroids,""
44,Tatiana Aryasova,Russia,Long distance,2012,Hydroxyethylstarch,2 years
45,Elena Arzhakova,Russia,Middle distance,2011,Biological passport violation,2 years
46,Malika Asahssah,Morocco,Long distance,2015,Stanozolol,4 years
47,Delilah Asiago,Kenya,Long distance,1999,"",""
48,Innocent Asonze,Nigeria,Sprinting,1999,"",""
49,Wayne Athorne,Australia,Decathlon,"",Methandienone (Dianabol),""
50,Duncan Atwood,United States,Javelin throw,1985,Stimulant,Life ban (later reduced)
51,Olutoyin Augustus (Toyin Augustus),Nigeria,Hurdles,2009,Abnormal testosterone levels,2 years
52,Anna Avdeyeva,Russia,Shot put,2013,Oral Turinabol (anabolic steroid),2 years
53,Roman Avramenko,Ukraine,Javelin throw,20132015,DehydrochloromethyltestosteroneDehydrochloromethyltestosterone,2 years8 years
54,Hussein Awada,Lebanon,Cross country running Half marathon,2012,Nandrolone,2 years
55,Mark Anthony Awere,Ghana,Long jump,2001,"",3 months
56,Bimbo Miel Ayedou,Benin,Sprinting,2012,Nandrolone,2 years
57,Süreyya Ayhan,Turkey,Middle distance,20042007,"Interfering with testStanozolol, Methandienone",2 yearsLife ban
58,Masoud Azizi,Afghanistan,Sprinting,2013,Nandrolone,2 years
59,Ahmed Baday,Morocco,Long distance,2010,Biological passport anomalies,2 years
60,Ndiss Kaba Badji,Senegal,"Long jump, triple jump",2005,Androstenedione,2 years
61,Alex Badman,United States,Pen High Jump,2020,Spring Growth Hormone,2 years
62,Oleksandr Bagach,Soviet Union Ukraine,Shot put,1989 1997,Steroids Ephedrine,2 years Public warning and disqualification
63,José Alessandro Bagio,Brazil,Race walking,2010,19-Norandrosterone,2 years
64,Amina Bakhit,Sudan,Middle distance,2009,Norandrosterone,2 years
65,Sergey Bakulin,Russia,Race walking,2011,Biological passport anomalies,3 years and 2 months
66,Živilė Balčiūnaitė,Lithuania,Long distance,2010,Testosterone,2 years
67,Michal Balner,Czech Republic,Pole vault,2010,Cannabis,1 month
68,Onalenna Baloyi,Botswana,Middle distance,2010,Methylhexanamine,2 years
69,Yuliya Balykina,Belarus,Sprinting,2013,Drostanolone,2 years
70,Falk Balzer,Germany,Hurdling,2001,Nandrolone,2 years
71,Konstadinos Baniotis,Greece,High jump,2013,Furosemide,Public warning
72,Jarrod Bannister,Australia,Javelin throw,2012,Three Whereabouts Failures within an 18-month period,20 months
73,Kelly-Ann Baptiste,Trinidad and Tobago,Sprinting,"","",2 years
74,Shawnacy Barber,Canada,Pole vault,2016,Cocaine,Public warning
75,Roberto Barbi,Italy,Marathon,1996 20012008,"Ephedrine EPO EPO, Ephedrine","3 months 4 years, reduced to 25 months Life ban"
76,Roxana Bârcă,Romania,Long distance running,2013,Methasterone,2 years
77,Randy Barnes,United States,Shot put,1990 1998,Methyltestosterone Androstenedione,27 months Life ban
78,Yarelys Barrios,Cuba,Discus throw,2008,Acetazolamide,""
79,Bruno de Barros,Brazil,Sprinting,2009,EPO,2 years
80,Elias Bastos,Brazil,Cross country running,2014,Methyltestosterone,2 years
81,Giuliano Battocletti,Italy,Long distance running,1999,Nandrolone,16 months
82,Dieter Baumann,Germany,Long distance,1999,Nandrolone,2 years
83,Julie Baumann,Canada,Hurdling,1989,Stanozolol,2 years
84,Vadim Bavikin,Israel,Javelin throw,1994,Steroids,4 years
85,Chantal Beaugeant,France,Heptathlon,1989,"",2 years
86,James Beckford,Jamaica,Long jump,1997,Ephedrine,3 months
87,Violeta Beclea,Romania,Middle distance,1995,Steroids,4 years
88,Chaltu Beji,Azerbaijan,Steeplechase,2015,Ostarine,4 years
89,Alemitu Bekele,Turkey,Long distance,2009,Biological passport anomalies,2 years and 9 months
90,Mimi Belete,Bahrain,Middle/Long distance,2010,Salbutamol,Public reprimand and disqualification
91,Irina Belova,Russia,Heptathlon,1993,Testosterone,4 years
92,Kenta Bell,United States,Triple jump,2007,Methylprednisolone,3 months
93,Awatef Ben Hassine,Tunisia,Sprinting,2004,Norandrosterone,2 years
94,Yassine Bensghir,Morocco,Middle distance,2014,Biological passport,4 years
95,Yahya Berrabah,Morocco,Long jump,20092011,CannabisEPO,Public warning4 years (2nd ADRV)
96,Gwen Berry,United States,Hammer throw,2016,Use of a prohibited substance (Vilanterol Trifenatate),3 months
97,Michael Berry,United States,Sprinting,2010,Cannabis,3 months
98,Mariya Bespalova,Russia,Hammer throw,2015,Dehydrochloromethyltestosterone,4 years
99,María Cristina Betancourt,Cuba,Discus throw,1983,"",Life ban
100,Kipyegon Bett,Kenya,800 m,2017,Erythropoietin out-of-competition test in November 2017,4 years
101,Antonella Bevilacqua,Italy,High jump,1996,"Ephedrine, pseudoephedrine",""
102,Uwe Beyer,West Germany,Hammer throw,1960's/1970's,Anabolic steroids (self-admitted),—
103,Alemayehu Bezabeh,Spain,Middle/Long distance,2010,Use of a prohibited method (Operation Galgo),2 years
104,Rajendra Bahadur Bhandari,Nepal,Long distance,2006,Norandrosterone,2 years
105,Quentin Bigot,France,Hammer throw,2014,Methandienone and Stanozolol,2 years
106,Madina Biktagirova,Unified Team,Long distance,1992,Norephedrine,""
107,Yuriy Bilonoh,Ukraine,Shot put,2004 (Sample retested 2012),Oxandrolone,3 years
108,Svetlana Biryukova,Russia,Long jump,2014,SARMs,2-year ban
109,Dominique Blake,Jamaica,Sprinting,2006 2012,EphedrineMethylhexanamine,9 months 4 years and 6 months (Reduced from 6 years)
110,Yohan Blake,Jamaica,Sprinting,2009,4-Methyl-2-hexanamine,3 months
111,José Luis Blanco,Spain,Middle distance,2010,EPO,2 years
112,Zhanna Block,Ukraine,Sprinting,2002,BALCO scandal,2 years
113,Lyudmyla Blonska,Ukraine,"Heptathlon, long jump",20032008,Stanozolol Methyltestosterone,2 years Life ban
114,Petr Bogatyrev,Russia,Race walking,2011,Biological passport anomalies,2 years
115,Ato Boldon,Trinidad and Tobago,Sprinting,2001,Ephedrine,Public warning
116,Scott Boothby,United States,Hammer throw,2006,"Finasteride, 6-oxo-androstenedione",4 years (Reduced from 8 years)
117,Valeriy Borchin,Russia,Race walking,20052009,Ephedrine Biological passport anomalies,1 year 8 years
118,Béranger-Aymard Bossé,Central African Republic,Sprinting,2016,Prednisolone,2 years
119,Mihaela Botezan,Romania,Long distance,2007,Chlortalidone,2 years
120,Chakir Boujattaoui,Morocco,Long-distance,2010,MIRCERA,2 years
121,Brahim Boulami,Morocco,Steeplechace,2002,EPO,2 years
122,Larbi Bouraada,Algeria,Decathlon,2012,Stanozolol,2 years
123,Abderrahime Bouramdane,Morocco,Marathon,2011,Biological passport,2 years
124,Zahra Bouras,Algeria,Middle-distance,2012,Stanozolol,2 years
125,Sofiya Bozhanova,Bulgaria,Long/Triple jump,1994,Amphetamine,4 years
126,Kevin Braunskill,United States,Sprinting,1994,Stanozolol,4 years
127,Grit Breuer,Germany,Sprinting,1992,Clenbuterol,2 years
128,Okkert Brits,South Africa,Pole vault,2003,Ephedrine,Public warning
129,Damien Broothaerts,Belgium,Hurdling,2011,"Methylhexanamine, 3 whereabouts failures",1 year (Reduced from 2 years)
130,Alicia Brown,Canada,Sprinting,2013,Hydrochlorothiazide,2 years
131,Erik de Bruin,Netherlands,"Discus throw, shot put",1993,"Testosterone, Stanozolol, hCG",4 years
132,Ricky Bruch,Sweden,Discus throw,1960's/1970's,Anabolic steroids (self-admitted),—
133,Yelyzaveta Bryzhina,Ukraine,Sprinting,2013,Drostanolone,2 years
134,Aleksandr Bulanov,Russia,Shot put,2009,Methandienone,2 years
135,Viktor Burayev,Russia,Race walking,2008,EPO,2 years
136,Tamara Bykova,Soviet Union,High jump,1990,Ephedrine,3 months
137,Yolanda Caballero,Colombia,Long distance,20112014,Biological passportTampering,4 years
138,Gary Cadogan,Great Britain,"Sprinting, hurdling",1998,Nandrolone,2 years
139,Dorina Calenic,Romania,Long distance,1987,"",""
140,Mehmet Çağlayan,Turkey,Long distance,2010,EPO,2 years
141,Jillian Camarena-Williams,United States,Shot put,2013,Clomiphene,6 months
142,John Capel,United States,Sprinting,2004 2006,CannabisCannabis,Public warning2 years
143,Dean Capobianco,Australia,Sprinting,1996,Stanazolol,2 years (Reduced from 4 years)
144,Hector Carrasquillo,Puerto Rico,Sprinting,2011,Anabolic steroid,2 years
145,LaMark Carter,United States,Triple jump,2004,Salbutamol,Public warning
146,Silviu Casandra,Romania,Race walking,2002,"",2 years
147,Arnaud Casquette,Mauritius,Long jump,2005,Cannabis,6 months
148,Víctor Castillo,Venezuela,Long jump,20062011,FurosemideMethylhexaneamine,2 years4 years
149,Recep Çelik,Turkey,Race walking,2012,Metenolone,2 years
150,Jolanda Čeplak,Slovenia,Middle distance,2007,EPO,2 years
151,Dwain Chambers,Great Britain,Sprinting,2003,"THG, Testosterone, EPO, HGH, Insulin, Modafinil & Liothyronine",2 years
152,Hafid Chani,Morocco,Long distance,2011,Biological passport,4 years
153,Jamel Chatbi,Morocco,Steeplechase,2009,Clenbuterol,3 years
154,Jani Chathurangani Silva,Sri Lanka,Sprinting,2006,Nandrolone,2 years
155,David Chaussinand,France,Hammer throw,23 May 2002 24 June 2002,Metenolone Clenbuterol,3 years
156,Mouhcine Cheaouri,Morocco,Pole vault,2016,Stanozolol,4 years
157,Emily Chebet,Kenya,"Long distance, cross country",2015,Furosemide,4 years
158,Cristiana Checchi,Italy,Shot put,2003,Caffeine,Public warning
159,Viktor Chegin,Russia,Coach,"","Administration of a prohibited substance, complicity",Life ban
160,Abdelatif Chemlal,Morocco,Steeplechase,2004,Norandrosterone,2 years
161,Flomena Chepchirchir,Kenya,Marathon,2014,"",6 months
162,Pamela Chepchumba,Kenya,Cross country running,2003,EPO,2 years
163,Susan Chepkemei,Kenya,Long distance,2007,Salbutamol,1 year
164,Svetlana Cherkasova,Russia,Middle distance,2007,Fraudulent substitution of urine,33 months
165,Lada Chernova,Russia,Javelin throw,2008 2013,Metenolone Bromantane,2 years Life ban
166,Tatyana Chernova,Russia,Heptathlon,2009,Oral Turinabol,2 years
167,Lydia Cheromei,Kenya,Long distance,2005,Clomiphene,2 years
168,Damu Cherry,United States,Hurdling,2003,Norandrosterone,2 years
169,Silvano Chesani,Italy,High jump,2007,Formoterol,Public warning
170,Christophe Cheval,France,Sprinting,2001,Nandrolone,2 years
171,Dimitrios Chondrokoukis,Greece,High jump,2012,Stanozolol,2 years
172,Fouad Chouki,France,Middle distance,2003,EPO,2 years
173,Khalid Choukoud,Netherlands,Long distance,2007,Stanozolol,2 years
174,Linford Christie,Great Britain,Sprinting,1999,Nandrolone,2 years
175,Vivian Chukwuemeka,Nigeria,Shot put and discus,2009 2012,Oxymetholone Stanozolol,2 years Life ban
176,Clement Chukwu,Nigeria,Sprinting,1992,"",4 years
177,Yelena Churakova,Russia,Hurdling,2013,Methandienone & Dehydrochloromethyltestosterone,2 years
178,Hazel Clark,United States,Middle distance,2001,Pseudoephedrine,Public warning
179,Venolyn Clarke,Canada,Sprinting,2001,Stanozolol,4 years
180,Ramon Clay,United States,Sprinting,2000–2004,Steroids and hormones (BALCO scandal),2 years
181,Luis Collazo,Puerto Rico,Long distance,2011,Exogenous steroids,2 years
182,Michelle Collins,United States,Sprinting,2002–2004,"THG, EPO (BALCO scandal)",4 years (Reduced from 8 years)
183,Rosa Colorado,Spain,Hurdling,1980,Steroids,18 months
184,Hannah Cooper,Liberia,Sprinting,1999,"",""
185,Harold Connolly,United States,Hammer throw,1960's,Self-admitted; Anabolic steroids,–
186,Jessica Cosby,United States,Hammer throw,2009,"Hydrochlorothiazide, chlorothiazide",4 months
187,Nuno da Costa,Portugal,Cross country running,2011,EPO,2 years
188,Daniela Costian,Romania,Discus throw,1986,"",""
189,Julie Coulaud,France,Middle/Long distance,2008,Testosterone,3 years
190,Crystal Cox,United States,Sprinting,2002 2001–2004,Ephedrine (positive test) Anabolic steroids (self admitted),Public warning 4-year ban
191,Shawn Crawford,United States,Sprinting,2012,3 whereabouts failures,2 years
192,Olga Cristea,Moldova,Middle-distance,2010,Testosterone,2 years
193,Peter Dajia,Canada,Shot put,1983– 1986,"Self admittance in 1989: Steroids Positive test: Steroids, Testosterone",18 months
194,Martina Danišová-Hrasnová,Slovakia,Hammer throw,2003,Nandrolone,2 years
195,Bonnie Dasse,United States,Shot put,1992,Clenbuterol,4 years
196,Marie Davenport (Marie McMahon),Ireland,Long distance,1996,Phenylpropanolamine,Reprimand
197,Walter Davis,United States,Triple jump,2013,3 whereabouts failures,1 year
198,Alice Decaux,France,Hurdling,2013,β-Methylphenethylamine,6 months
199,Mary Decker (Mary Slaney),United States,Middle distance,1996,Testosterone,""
200,Tony Dees,United States,Hurdling,2001,"Norandrosterone, Noretiochdandone",Life ban
201,Hind Dehiba,France,Middle distance,2007,EPO,2 years
202,Tatyana Dektyareva,Russia,Hurdling,2014,Ostarine,2 years
203,Dimitrios Delifotis,Greece,Long jump,1984,"",""
204,Luis Delís,Cuba,Discus throw/shot put,1990,"",""
205,Tezeta Dengersa,Turkey,Middle/Long distance,2005,Metenolone,2 years
206,Frédéric Denis,France,Steeplechase,2007,EPO,2 years
207,Sébastien Denis,France,Hurdling,2005,Ephedrine,Public warning
208,Lyubov Denisova,Russia,Marathon,2007,"Prostanozol, testosterone",2 years
209,Manuela Derr,Germany,Sprinting,1992,Clenbuterol,3 years
210,Ronald Desruelles,Belgium,Long jump,1980,"",""
211,Hrysopiyi Devetzi,Greece,Triple/Long jump,2009 2007 (Retest 2015),Failure to submit to doping controlStanozolol,2 years 4 years
212,Vadim Devyatovskiy,Belarus,Hammer throw,2000,Nandrolone,2 years
213,Aïssa Dghoughi,Morocco,Long distance,2006,Refusal to submit to doping control,3 years
214,Ahmed Mohamed Dheeb,Qatar,Discus throw,2010,Testosterone metabolites,""
215,Alberico Di Cecco,Italy,Marathon,2008,EPO,2 years
216,Rostislav Dimitrov,Bulgaria,Triple jump,1999,Ephedrine,""
217,Svetla Dimitrova,Bulgaria,Heptathlon,1989,Sydnocarb,2 years
218,Katalin Divós,Hungary,Hammer throw,2001,"",2 years
219,Vukosava Đjapić,Serbia and Montenegro,Sprinting,2005,Metenolone,2 years
220,Abderahmane Djemadi,Algeria,Long distance,2001,Refusal to submit to doping control,2 years
221,Gábor Dobos,Hungary,Sprinting,2000 2006,"Drostanolone, testosterone",2 years Life ban
222,Jim Doehring,United States,Shot put,1990,Steroids,2 years
223,Bahar Doğan,Turkey,Long distance,2011,Biological passport,2 years and 6 months
224,Bishop Dolegiewicz,Canada,"Shot put, discus throw",1973–1985,Self admittance (The Dubin Inquiry): Steroids,National record annulled
225,Marta Dominguez,Spain,Middle distance,2009,Biological passport,3 years
226,Tetyana Dorovskikh (Tatyana Samolenko),Ukraine,Middle distance,1993,Unknown substance,""
227,Rashid Shafi Al-Dosari,Qatar,Discus throw,2003,Refused to submit to doping control,2 years
228,Troy Douglas,Netherlands,Sprinting,1999,Nandrolone,2 years
229,Horace Dove-Edwin,Sierra Leone,Sprinting,1994,Stanozolol,2 years
230,Hanna Drabenia,Belarus,Race walking,2015,Trimetazidine,2 years
231,Rasa Drazdauskaitė,Lithuania,Long distance,2003,Stanozolol,2 years
232,Heike Drechsler,East Germany,Long jump/sprinting,1980's,Self admittance,—
233,Hamza Driouch,Qatar,Middle distance,2012,Biological passport anomalies,2 years
234,Jon Drummond,United States,Coach,2012/2013,"Possession, trafficking and administration of prohibited substances",8 years
235,Oleksandr Dryhol,Ukraine,Hammer throw,2013,Dehydrochloromethyltestosterone,2 years
236,Aliona Dubitskaya,Belarus,Shot put,2014,Oxilofrine,6 months
237,Aleksandra Duliba,Belarus,Marathon,2013,Biological passport,2 years
238,Corina Dumbrăvean,Romania,Middle distance,20072010,Refusal to submit to testing,2 years Life ban
239,Julien Dunkley,Jamaica,Sprinting,2008,Boldenone,2 years
240,Debbie Dunn,United States,Sprinting,2012,Testosterone,2 years
241,Lyudmila Dzhigalova,Ukraine,Sprinting,1993,Steroids,4 years
242,Monzavous Edwards,United States,Sprinting,2004,Cannabis,Public warning
243,Mark Edwards,Great Britain,"","","Clostebol, Testosterone",""
244,Paul Edwards,Great Britain,Shot put,19931997,"Anabolic steroids, raised testosterone and pseudoephedrineTetrahydrocannabinol",4 yearsLife ban
245,Torri Edwards,United States,Sprinting,2004,Nikethamide,15 months (Reduced from 2 years)
246,Daniel Effiong,Nigeria,Sprinting,1995,Methyltestosterone and ephedrine,4 years
247,Inna Eftimova,Bulgaria,Sprinting,2011 {Retested 2012),Recombinant Human Growth hormone,2 years
248,Florence Ekpo-Umoh,Germany,Sprinting,2003,Stanozolol,2 years
249,Christy Ekpukhon,Nigeria,Sprinting,2008,Metenolone,2 years
250,Abderrahim El Asri,Morocco,Cross country running,2014,EPO,2 years
251,Wafa Ismail El Baghdadi,Egypt,Shot put,2007,Methandienone,2 years
252,Hayat El Ghazi,Morocco,Hammer throw,2006,Norandrosterone,2 years
253,Mohamed El Hachimi,Morocco,Long distance,20122014,MethylhexaneamineCERA,6 months6 years
254,Fouad Elkaam (Fouad El Kaam),Morocco,Middle distance,2011,Methylhexaneamine,6 months
255,Saïda El Mehdi,Morocco,Middle distance,2009,Stanozolol,2 years
256,Rkia El Moukim,Morocco,Long distance,2011,Biological passport,2 years
257,Najim El Qady,Morocco,Long distance,2011,Biological passport,2 years
258,Stanislav Emelyanov,Russia,Race walking,2010,Biological passport,2 years
259,Alene Emere,Ethiopia,Long distance,2002,Nandrolone,2 years
260,Ivan Emilianov,Moldova,Shot put,2011,"Metenolone, Stanozolol",2 years
261,Meryem Erdogan,Turkey,Long distance,2010,Biological passport,2 years
262,Mostafa Errebbah,Italy,Long distance,2004,Stanozolol,2 years
263,Wilson Loyanae Erupe,Kenya,Long distance,2012,EPO,2 years
264,Fatih Eryildirim,Turkey,Hammer throw,2013,"Stanozolol, Dehydrochloromethyltestosterone",2 years and 6 months
265,Nilay Esen,Turkey,Long distance,2005,Metenolone,2 years
266,Alisher Eshbekov,Russia,Hammer throw,"",Anabolic steroid,""
267,Ridouane Es-Saadi,Belgium,Middle/Long distance,20042006,"Trafficking, use, possessionMethandienone",6 months Life ban
268,Latifa Essarokh,France,Middle distance,2006,Stanozolol,2 years
269,Lee Evans,United States,Coach,2013,"",4 years
270,Davidson Ezinwa,Nigeria,Sprinting,1996 1999,Ephedrine hCG,3 months 2 years
271,Osmond Ezinwa,Nigeria,Sprinting,1996,Ephedrine,3 months
272,Hamid Ezzine,Morocco,Steeplechase,2009,"Refusal to submit to doping control, Tampering with test",2 years
273,Martin Fagan,Ireland,"Marathon, half-marathon",2011,EPO,2 years
274,Ahmed Faiz,Saudi Arabia,Long jump,2010,Amphetamines,2 years
275,Sandra Farmer-Patrick,United States,Hurdling,1996,Testosterone,""
276,Róbert Fazekas,Hungary,Discus throw,20042012,Failing to provide urine sampleStanozolol,2 years 6 years
277,Surita Febbraio,South Africa,Hurdling,2005,Testosterone,2 years
278,Agustín Félix,Spain,Decathlon,2011,Drostanolone,2 years
279,Paquillo Fernández,Spain,Race walk,2010,Possession of undisclosed banned substances,2 years
280,Ricardo Fernández,Spain,Middle/Long distance,20042006,EPOFinasteride,2 years 2 years
281,Elena Fidatov,Romania,Middle/Long distance,1998,Nandrolone,2 years
282,Nicolas Figère,France,Hammer throw,2007,Cathine,"1 month, public warning"
283,Konstadinos Filippidis,Greece,Pole vault,2007,Etilephrine,2 years
284,Yuliya Fomenko,Russia,Middle distance,2007,Fraudulent substitution of urine,33 months
285,Greg Foster,United States,Hurdling,1990,"Pseudoephedrine, Ephedrine, Phenylpropanolamine",6 months
286,Allodin Fothergill,Jamaica,Sprinting,2009,4-Methyl-2-hexanamine,3 months
287,Cecilia Francis,Nigeria,Sprinting,2013,Metenolone,1 year
288,Shelly-Ann Fraser,Jamaica,Sprinting,2010,Oxycodone,6 months
289,Brian Frasure,United States,Sprinting,2000,Nandrolone,4 years
290,Jake Freeman,United States,Hammer throw,20092011,CannabisCannabis,Public warning1 year
291,Margarita Fuentes-Pila,Spain,Middle distance,2015,"",6 months
292,Ruth Fuchs,East Germany,Javelin throw,1970's,Anabolic steroids (self-admitted),—
293,Chryste Gaines,United States,Sprinting,20032005,Modafinil (positive test)THG (investigation: BALCO),Public warning2 years
294,Anton Galkin,Russia,Sprinting,2004,Stanozolol,2 years
295,Miguel Ángel Gamonal,Spain,Half marathon,20132015,ClenbuterolBiological passport,2 years3 years
296,Alberto García,Spain,"Long distance, cross country",2003,EPO,2 years
297,Sandra Gasser,Switzerland,Middle distance,1987,Steroids,2 years
298,Justin Gatlin,United States,Sprinting,2001 2006,Amphetamine Testosterone,1 year (Reduced from 2 years) 4 years
299,Tyson Gay,United States,Sprinting,2013 2012–2013,Positive test: Exogenous anabolic-androgenic steroid Investigation/Admittance,1 year
300,Tibor Gécsek,Hungary,Hammer throw,1995,Anabolic steroids,2 years (Reduced from 4 years)
301,Ines Geipel,East Germany,Sprinting,1980's,Turinabol (self-admitted),—
302,Shitaye Gemechu,Ethiopia,Long distance,2009,EPO,2 years
303,Ivan Gertlein,Russia,Pole vault,2012,Testosterone,2 years
304,Nordine Gezzar,France,Middle/Long distance,20062012,"Finasteride, nandroloneEPO",2 years10 years
305,Rachid Ghanmouni,Morocco,Long distance,2006,Evading doping control,2 years
306,Ruqaya Al-Ghasra,Bahrain,Sprinting,2009,Epitestosterone,2 years
307,Alina Gherasim (Alina Tecuţa),Romania,Long distance,2002,Anabolic steroids,2 years
308,Bouchra Ghezielle,France,Middle distance,2008,EPO,4 years
309,Patricia Girard,France,Sprinting,1990,Primobolan (anabolic steroid),2 years
310,Sandra Glover,United States,Sprinting,2003,Modafinil,Disqualification and public warning
311,Geronimo Goeloe,Netherlands Antilles,Sprinting,2008,Stanozolol,2 years
312,Thomas Goller,Germany,Hurdling,2010,"Boldenone, SARMs",2 years
313,Olga Golovkina,Russia,Long distance,2013,Dehydrochloromethyltestosterone,2 years
314,Vanda Gomes,Brazil,Sprinting,2014,Anastrozole,2 years
315,Yekaterina Gordiyenko,Soviet Union,Pentathlon,1978,Anabolic steroids,18 months
316,Agnieszka Gortel-Maciuk,Poland,Marathon/Half marathon,2013,"Testosterone, DHEA",2 years
317,Anastasios Gousis,Greece,Sprinting,2008,Methyltrienolone,2 years
318,Abderrahim Goumri,Morocco,Marathon,2009,Biological passport,4 years
319,Eva-Maria Gradwohl,Austria,Long distance,2010,Refusal to submit to doping control,2 years
320,Stephanie Graf,Austria,Middle distance,2003,Attempted use of a prohibited method (Humanplasma scandal),2 years
321,Trevor Graham,United States,Coach,"","Possession, trafficking, and administration of performance-enhancing drugs, and assisting, encouraging, aiding and abetting anti-doping rule violations",Life ban
322,Mike Gravelle,United States,Discus throw,1995,Testosterone,""
323,Rob Gray,Canada,Discus throw,"",Self admittance: Anabolic Steroids,Lost national record
324,Bill Green,United States,Hammer throw,1987,Testosterone,2 years
325,Yelizaveta Grechishnikova,Russia,Long distance,2009,Biological passport,2 years
326,Anri Grigorov,Bulgaria,Sprinting,1990,"",""
327,Lidiya Grigoryeva,Russia,Long distance,2009,Biological passport,2 years and 6 months
328,Yekaterina Grigoryeva (Yekaterina Leshcheva),Russia,Sprinting,2001,"",2 years
329,Nataliya Grygoryeva,Soviet Union,Hurdling,"","",""
330,Mickey Grimes,United States,Sprinting,20032004,Ephedrine Norandrosterone,Public warning 2 years
331,Yelena Gulyayeva,Russia,High jump,1991,"",2 years
332,Anna Gurova,Russia,Sprinting,2011,Methyltestosterone,2 years
333,Andreas Gustafsson,Sweden,Race walk,2014,EPO,2 years
334,Abdelhadi Habassa,Morocco,Long distance,2008,Norandrosterone,2 years
335,Milan Haborák,Slovakia,Shot put,20042010,Hormones Stanozolol,2 years Life ban
336,Abdelkader Hachlaf,Morocco,Middle distance,2004,EPO,2 years
337,Halima Hachlaf,Morocco,Long-distance,2013,Biological passport,4 years
338,Mohamed El Hachimi,Morocco,Long distance,2014,CERA,6 years
339,Semoy Hackett,Trinidad and Tobago,Sprinting,20112012,MethylhexaneamineMethylhexaneamine,6 months2 years and 4 months
340,Mohammad Noor Imran Abdul Hadi,Malaysia,Sprinting,2011,Evading doping control,2 years
341,Vésteinn Hafsteinsson,Iceland,Discus throw,1984,Nandrolone,2 years
342,Linda Haglund,Sweden,Sprinting,1981,Anabolic steroids,18 months
343,Abdellah Haidane,Italy,Middle distance,2014,Tuaminoheptane,4 months
344,Fatima Hajjami,France,Long distance,2003,Stanozolol,2 years
345,Fani Halkia,Greece,Hurdling,2008,Methyltrienolone,2 years
346,Hussain Al-Hamdah,Saudi Arabia,Long distance,2009,Biological passport,2 years and 6 months
347,Tetyana Hamera-Shmyrko,Ukraine,Long distance,2011,Biological passport,4 years
348,Tahesia Harrigan-Scott,British Virgin Islands,Sprinting,2011,Methylhexaneamine,6 months
349,Alvin Harrison,United States,Sprinting,2004,"BALCO scandal: Anabolic steroids, insulin, HgH, EPO, modafinil",4 years
350,Calvin Harrison,United States,Sprinting,19932003,PseudoephedrineModafinil,3 months2 years
351,Ridouane Harroufi,Morocco,Long distance,2013,EPO,2 years
352,Barakat Al-Harthi,Oman,Sprinting,2011,Methylprednisolone,6 months
353,Kjell Ove Hauge,Norway,"Discus throw, shot put",1998,Metandienone,18 months
354,Ahmad Hazer,Lebanon,110 m hurdles,2013,Metenolone,2 years
355,Floyd Heard,United States,Sprinting,2000,"",Public warning
356,Sabine Heitling,Brazil,Steeplechase,2013,Methylhexaneamine,1 year
357,Eddy Hellebuyck,United States,Long distance,2004,EPO,2 years
358,Anca Heltne,Romania,Shot put,20102014,"StanozololMethandienone, Dehydrochloromethyltestosterone",2 years8 years
359,Geraldine Hendricken,Ireland,Middle distanceCross country,2004,19-norandrosterone,2 years
360,Adriënne Herzog,Netherlands,Long distance,2014,Testosterone,2 years
361,Iván Hierro,Spain,Long distance,2014,Possession of a prohibited substance,2 years
362,Claus Hirsbro,Denmark,Sprinting,19962000,StanozololNandrolon,2 years Life ban
363,Hassan Hirt,France,Long distance,2012,EPO,2 years
364,Knut Hjeltnes,Norway,"Discus throw, shot put",1977,Anabolic steroids,1 year
365,Gergely Horváth,Hungary,Javelin throw,2006,Boldenone,2 years
366,Hristoforos Hoidis,Greece,Sprinting,2005,Tamoxiphen,2 years
367,Seppo Hovinen,Finland,Javelin throw,1977,Anabolic steroids,1 year
368,Sue Howland,Australia,Javelin throw,1987,Anabolic steroids,2 years
369,Yu-Fang Hsu,Chinese Taipei,Marathon,2011,EPO,2 years
370,Huang Qun,China,Discus throw,2006,Stanozolol,2 years
371,C.J. Hunter,United States,Shot put,2000,Nandrolone,2 years
372,Liza Hunter-Galvan,New Zealand,Marathon,2009,EPO,2 years
373,Marwa Hussein,Egypt,Hammer throw,2010,Stanozolol,Two-year ban
374,Victor Hogan,South Africa,Discus throw,2016,Methylhexanamine,9 month ban
375,Monica Iagăr,Romania,High jump,1996,"",6 months
376,Abdulagadir Idriss,Sudan,Sprinting,2005,Norandrosterone,2 years
377,Samson Idiata,Nigeria,Long jump,2015,Clenbuterol,4 years
378,Gulustan Ieso,Iraq,Sprinting,2011,Methylhexaneamine,1 year
379,Kirill Ikonnikov,Russia,Hammer throw,2012,Dehydrochloromethyltestosterone,2 years
380,Chidi Imoh,Nigeria,Sprinting,1994,"",4 years
381,Cristinel Irimia,Romania,Long distance,2014,Exogenous steroids,2 years
382,Ekaterina Ishova (Ekaterina Gorbunova),Russia,Middle/Long distance,2011,Biological passport,2 years
383,Daniel Ivanov,Bulgaria,Long jump,1993,Amphetamine,""
384,Lyubov Ivanova(Lyubov Kharlamova),Russia,Steeplechase,2006,Methyltestosterone,2 years
385,Olimpiada Ivanova,Russia,Race walking,1997,Stanazolol,2 years
386,Kathy Jager,United States,"","","Hydrochlorothiazide, Chlorothiazide",""
387,Regina Jacobs,United States,Middle distance,2003,THG,4 years
388,Norjannah Hafiszah Jamaludin,Malaysia,Sprinting,2011,Evading doping control,2 years
389,Patrick Jarrett,Jamaica,Sprinting,2001,Stanozolol,2 years
390,Helena Javornik,Slovenia,Middle/Long distance,2008,EPO,2 years
391,Mark Jelks,United States,Sprinting,2010,3 Whereabouts failures,2 year ban
392,Cordera Jenkins,United States,Hurdling,2006,Cannabis,Public warning
393,Rita Jeptoo,Kenya,Marathon,2014,EPO,2 years
394,Agatha Jeruto Kimaswai,Kenya,Middle distance,2015,Norandrosterone,4 years
395,Olivera Jevtić,Yugoslavia,Long distance,2002,Ephedrine,Public warning and disqualification from the 2002 New York City Marathon
396,Antonio David Jiménez,Spain,Steeplechase,2014,Possession of a prohibited substance,3 years
397,Ben Johnson,Canada,Sprinting,1988 1989 1993 1999,Positive test: Stanozolol Self admittance: Steroids (1982–1988) Testosterone Hydrochlorothiazide,2 years Life ban
398,Gea Johnson,United States,Heptathlon,1994,Anabolic steroids,4 years
399,Marion Jones,United States,Sprinting/Long jump,2000–2006,THG (investigation > admittance),2 years
400,LaVerne Jones-Ferrette,United States Virgin Islands,Sprinting,2010,Clomiphene,6 months
401,Sini Jose,India,Sprinting,2011,Methandienone,2 years
402,Milan Jotanović,Serbia,Shot put,2008,Salbutamol,8 months
403,Dariusz Juzyszyn,Poland,Discus throw,1983,"",""
404,Robert Kajuga,Rwanda,Long distance,2015,Refusal,4 years
405,Abubaker Ali Kamal,Qatar,Middle distance,2011,EPO,2 years
406,Pauline Kahenya,Kenya,Long distance,2013,"Prednisone, Prednisolone",1 year
407,Alissa Kallinikou,Cyprus,Sprinting,2008,Testosterone,2 years
408,Tayeb Kalloud,Algeria,Long distance,2008,Norandrosterone,2 years
409,Svetlana Kanatova,Russia,Middle distance,"","",""
410,Vladimir Kanaykin,Russia,Race walking,20082011,EPOBiological passport,2 years 8 years
411,Olga Kaniskina,Russia,Race walking,2009,Biological passport,3 years and 2 months
412,Adil Kaouch,Morocco,Middle distance,2007,EPO,2 years
413,Anastasiya Kapachinskaya,Russia,Sprinting,2004,Stanozolol,2 years
414,Julien Kapek,France,Triple jump,2009,3 Whereabouts Failures within 18-month period,1 year
415,Natallia Kareiva,Belarus,Middle distance,2010,Biological passport,2 years
416,Halina Karnatsevich,Belarus,Long distance,2006,Stanozolol,2 years
417,Yanina Karolchyk-Pravalinskaya,Belarus,Shot put,2003,Clenbuterol,2 years
418,Mandeep Kaur,India,Sprinting,2011,"Stanozolol, Methandienone",2 years
419,Ali Ekber Kayas,Turkey,Sprinting,2012,Oxandrolone,2 years
420,Tatyana Kazankina,Soviet Union,Middle distance,1984,Refusal to submit to doping control,18 months
421,Héni Kechi,France,Sprinting,2007,Cannabis,3 months
422,Lisa Kehler,Great Britain,Race walking,2007,Terbutaline,Public warning
423,Naman Keïta,France,"Hurdling, sprinting",2007,Testosterone precursors,2 years
424,Gloria Kemasuode(Gloria Ubiebor),Nigeria,Sprinting,2009,"Metenolone, ephedrine",2 years
425,Simon Kemboi,Kenya,Sprinting,2000,Nandrolone,""
426,Kostas Kenteris,Greece,Sprinting,2004,Evasion of doping control,""
427,Kamy Keshmiri,United States,Discus throw,1992,Methandienone,""
428,Atalelech Ketema,United States,Marathon,2014,Ephedrine,2 years
429,Meryem Khali,Morocco,Long distance,2012,Norandrosterone,2 years
430,Gulfiya Khanafeyeva,Russia,Hammer throw,Unknown 2007,UnknownFraudulent substitution of urine,3 months 33 months
431,Yekaterina Khoroshikh,Russia,Hammer throw,2007,6α-methylandrostendione,2 years
432,Irina Khudoroshkina,Russia,Shot put,2004,Hydrochlorothiazide,2 years
433,Molly Killingbeck,Canada,Sprinting,1980's,Self admittance of steroid use (Dubin inquiry),""
434,Gary Kinder,United States,Decathlon,1991,Failure to appear for mandatory drug test,(2 years) overturned due to flaws in testing protocol
435,Benjamin Kipkurui,Kenya,Middle distance,2013,"",3 months
436,Abraham Kiprotich,France,Marathon,2013,EPO,2 years
437,Nabil Kirame,Morocco,Discus throw,2006 2015,Cannabis Stanozolol,Public warning 4 years
438,Ümmü Kiraz,Turkey,Long distance,2011,Biological passport,2 years and 6 months
439,Sergey Kirdyapkin,Russia,Race walking,2009,Biological passport,3 years and 2 months
440,Mathew Kipkoech Kisorio,Kenya,Long distance,2012,Norandrosterone,2 years
441,Rael Kiyara,Kenya,Long distance,2012,Norandrosterone,2 years
442,Svetlana Klyuka,Russia,Middle distance,2009,Biological passport,2 years
443,Markus Koistinen,Finland,Shot put,1996,hCG (Human chorionic gonadotropin),4 years
444,Nemanja Kojić,Serbia,Middle distance,2015,Furosemide,2 years
445,Teodora Kolarova,Bulgaria,Middle distance,2007,Testosterone,2 years
446,Nikolay Kolev,Bulgaria,Discus throw,1987,"",""
447,Francisca Koki Koki Manunga,Kenya,Hurdling,2015,Furosemide,4 years
448,Eirini Kokkinariou,Greece,Steeplechase,2009,Biological passport,4 years
449,Mikuláš Konopka,Slovakia,Shot put,20022008,Stanozolol Methandienone,2 years Life ban
450,Ilya Konovalov,Russia,Hammer throw,2006,Acetazolamide,2 years
451,Mariya Konovalova,Russia,Long distance,2009,Biological passport,2 years
452,Oleksandr Korchmid,Ukraine,Pole vault,2009,Ephedrine,Public warning
453,Aleksey Korolev,Russia,Hammer throw,2009,Methandienone,2 years
454,Irina Korzhanenko,Russia,Shot put,19992004,SteroidsStanozolol,2 years Life ban
455,Yekaterina Kostetskaya,Russia,Middle distance,2011,Biological passport,2 years
456,Dmytro Kosynskyy,Ukraine,Javelin throw,2011,Testosterone,2 years
457,Tatyana Kotova,Russia,Long jump,2005 (Sample retested 2013),Formestane,2 years
458,Zoltán Kővágó,Hungary,Discus throw,2011,Refusal to submit,2 years
459,Ayman Kozhakhmetova,Kazakhstan,Race walk,2013,"Testosterone, EPO",2 years
460,Katrin Krabbe,Germany,Sprinting,1992,Clenbuterol,3 years
461,Inessa Kravets,Ukraine,Long/Triple jump,19932000,Stimulant Anabolic steroid,3 months 2 years
462,Lyubov Kremlyova,Russia,Middle distance,1995,Steroids,4 years
463,Heidi Krieger (Andreas Krieger),East Germany,Shot put,1980's,Self admission: Anabolic steroids,—
464,Svetlana Krivelyova,Russia,Shot put,2004 (Sample retested 2012),Oxandrolone,2 years
465,Valentin Kruglyakov,Russia,Sprinting,2013,Nandrolone,4 years
466,Pavel Kryvitski,Belarus,Hammer throw,2015,HGH,4 years
467,Wioletta Kryza,Poland,Long distance,20022012,Testosterone,2 years8 years
468,Anastassya Kudinova,Kazakhstan,Sprinting,2016,Drostanolone,4 years
469,Anil Kumar,India,Discus throw,2005,Norandrosterone,2 years
470,Eyerusalem Kuma,Ethiopia,Long distance,2013,EPO,2 years
471,Kagisho Kumbane,South Africa,Sprinting,2012,Norandrosterone,2 years
472,Yeliz Kurt,Turkey,Middle distance,2013,Stanozolol,2 years
473,Damian Kusiak,Poland,Shot put,2012,Stanozolol,2 years
474,Olga Kuzenkova,Russia,Hammer throw,2004 (Sample retested 2012),"Formestane, Hydroxytestosterone",2 years
475,Mikko Kyyrö,Finland,Discus throw,2007,Methylprednisolone,Public warning
476,Abdelhadi Labäli,Morocco,Middle distance,2012.0,Biological passport,2 years
477,Soumiya Labani,Morocco,"Long distance, cross country",2003.0,Nandrolone,2 years
478,Florent Lacasse,France,Middle distance,2007.0,Testosterone precursors,2 years
479,Amine Laâlou,Morocco,Middle distance,20122016.0,FurosemideEPO,2 years8 years
480,Aziz Lahbabi,Morocco,Long distance,2011.0,Methylhexanamine,6 months
481,Laiyuan Gao,China,Long distance,2012.0,Anabolic steroids,2 years
482,Burger Lambrechts,South Africa,Shot put,2001.0,Stanozolol,2 years
483,Enrique Llanos,Puerto Rico,Hurdling,2008.0,Stanozolol,2 years
484,Elena Lashmanova,Russia,Race walking,2014.0,GW1516,2 years
485,Svetlana Laukhova,Russia,Hurdling,2001.0,"",""
486,Bola Gee Lawal,Nigeria,Sprinting,2010.0,Methandienone,2 years
487,Jeff Laynes,United States,Sprinting,2001.0,Stanozolol,2 years
488,Yuliya Leantsiuk,Belarus,Shot put,2008.0,Testosterone,2 years
489,Suzette Lee,Jamaica,Triple jump,2005.0,Salbutamol,Public warning
490,Mikhail Lemaev,Russia,Marathon,2009.0,Biological passport,2 years
491,Assunta Legnante,Italy,Shot put,2000.0,"",Public warning
492,Asmae Leghzaoui,Morocco,Middle distance,2003.0,EPO,2 years
493,Aleksey Lesnichiy,Belarus,High jump,2004.0,Clenbuterol,2 years
494,Mikołaj Lewański,Poland,Sprinting,2007.0,Cannabis,Public warning
495,Carl Lewis,United States,"Sprinting, long jump","","Pseudoephedrine, ephedrine, phenylpropanolamine (inadvertent use)",""
496,Mark Lewis-Francis,Great Britain,Sprinting,2005.0,Cannabis,Public warning
497,Li Ji,China,Long distance,2001.0,"",2 years
498,Elmar Lichtenegger,Austria,Hurdling,20032007.0,NandroloneNorandrosterone,15 monthsLife ban
499,Lim Eun-ji,South Korea,Pole vault,2010.0,"Hydrochlorothiazide, Chlorothiazide",3 months
500,Lim Hee-nam,South Korea,Sprinting,2011.0,Methylhexaneamine,6 months
501,Lin Na,China,Middle distance,2002.0,"",2 years
502,Piotr Lisek,Poland,Pole vault,2012.0,Methylhexaneamine,6 months
503,Lin Yili,China,"","","",""
504,Liu Hong,China,Race walk,2016.0,Higenamine,1 month
505,Liu Huyuan,China,Long distance,2002.0,"",2 years
506,Liu Jing,China,Hurdling,2001.0,Refusal to submit to doping control,2 years
507,Liu Yunfeng,China,Race walking,2001.0,"",""
508,Jason Livingston,Great Britain,Sprinting,1992.0,Methandienone,4 years
509,Jud Logan,United States,Hammer throw,1992.0,Clenbuterol,4 years
510,Cathal Lombard,Ireland,Middle distance,2004.0,EPO,2 years
511,Andrea Longo,Italy,Middle distance,2001.0,Nandrolone,2 years
512,Gilmar Lopes,Brazil,Long distance,2014.0,Hydrochlorothiazide,1 year
513,Juan Miguel López,Cuba,Triple jump,1986.0,"",""
514,Wilson Loyanae,Kenya,Long distance,2012.0,EPO,2 years
515,Chris Lukezic,United States,Middle distance,2010.0,Refusal to submit to doping control,2 years
516,Nataliia Lupu,Ukraine,Middle-distance,2014.0,Methylhexaneamine,9 months
517,Lü Huihui,China,Javelin throw,2013.0,"",1 year
518,Vyacheslav Lykho,Soviet Union,Shot put,1990.0,Pseudoephedrine,""
519,Tatyana Lysenko,Russia,Hammer throw,2007.0,6α-methylandrostendione,2 years
520,Kaarlo Maaninka,Finland,Long distance,1980,Self admittance: Blood transfusioins (not illegal at the time),—
521,Remigius Machura (born 1960),Czechoslovakia,Shot put,1985 1981–,StanozololSelf admittance: Anabolic steroids,2 years (Reduced from life ban) —
522,Remigius Machura (born 1986),Czech Republic,Shot put,2010,HGH,2 years
523,Colin Mackenzie,Great Britain,Javelin throw,1994,"",3 months
524,Simon Magakwe,South Africa,Sprinting,2014,Refusal to submit to doping control,2 years
525,Maurren Maggi,Brazil,Long jump,2003,Clostebol,2 years
526,Mike Mahovlich,Canada,Javelin throw,1986,"",""
527,Edi Maia,Portugal,Pole vault,2008,Cannabis,"Public warning, disqualification from events"
528,Pascal Mancini,Switzerland,Sprinting,20112012,UndisclosedNorandrosterone,Public warning2 years
529,Luvo Manyonga,South Africa,Long jump,2012,Methamphetamine,18 months
530,Irina Maracheva,Russia,Middle distance,2012,Biological passport,2 years
531,Pascal Maran,France,Hurdling,1997,Ephedrine,Public warning and disqualification
532,Natalia Mărășescu,Romania,Middle distance,1979,Anabolic steroids,8 months
533,Brian Mariano,Netherlands,Sprinting,2016,Stanozolol,4 years
534,Martin Marić,Croatia,Discus throw,2014,Ostarine (SARMs),2 years
535,Itay Margalit,Israel,High jump,1999,Nandrolone,""
536,Marina Marghieva,Moldova,Hammer throw,2012,Stanozolol,2 years
537,Zalina Marghieva,Moldova,Hammer throw,2009 {Retested 2013),"Dehydrochloromethyltestosterone, stanozolol",2 years
538,Dzmitry Marshin,Azerbaijan,Hammer throw,2015,Dehydrochloromethyltestosterone,4 years
539,LaVonna Martin-Floreal,United States,Hurdling,1991,Furosemide,14 months (Reduced from 2 years)
540,David Martínez,Spain,Discus throw,1997,Nandrolone,2 years
541,Yousef Masrahi,Saudi Arabia,Sprinting,2016,EPO,4 years
542,Maude Mathys,Switzerland,Ultramarathon/Ski mountaineering,2015,Clomifene,Public warning
543,Richard Mavuso,South Africa,Long distance,2011,Norandrosterone,2 years
544,Natasha Mayers,Saint Vincent and the Grenadines,Sprinting,2005,T/E-4,2 years
545,Eduard Mbengani,Portugal,Middle/Long distance,2010,EPO,2 years
546,John McEwen,United States,Hammer throw,2003,"Tetrahydrogestrinone, Modafinil",2 years
547,Mark McKoy,Canada,Hurdling,1980's,Self admittance of steroid use (Dubin inquiry),2 years
548,Inika McPherson,United States,High jump,2014,Benzoylecgonine,21 months
549,Ekaterina Medvedeva,Russia,Race Walking,2013,EPO,2 years
550,Nijolė Medvedeva,Lithuania,Long jump,1992,Mesocarb,""
551,Fathi Meftah,Algeria,Long distance,2008,Norandrosterone,2 years
552,Irina Meleshina,Russia,Long jump,2012,Testosterone,2 years
553,Jimmy Melfort,France,Sprinting,2012,Methylhexaneamine,3 months
554,Mihaela Melinte,Romania,Hammer throw,2000,Nandrolone,2 years
555,Miroslav Menc,Czech Republic,Shot put,1998 2001,Stanozolol Norandrosterone,2 years Life ban
556,Amewu Mensah,Germany,High jump,2001,Oxandrolone,2 years
557,LaShawn Merritt,United States,Sprinting,2009/2010,Testosterone,21 months
558,Elena Meuti,Italy,High jump,2012,Tetrahydrocannabinol,5 months
559,Karin Mey Melis,Turkey,Long jump,2012,Testosterone,2 years
560,Gabriela Mihalcea,Romania,High jump,1987,"",2 years
561,Andrei Mikhnevich,Belarus,Shot put,20012005 (Retested in 2012),"Human chorionic gonadotropin Clenbuterol, Methandienone, Oxandrolone",2 years Life ban
562,Natallia Mikhnevich,Belarus,Shot put,2013,Stanozolol,2 years
563,Inger Miller,United States,Sprinting,1999,Caffeine,Public warning
564,Tatyana Mineeva,Russia,Race walking,2011,Biological passport anomalies,2 years
565,Ildar Minshin,Russia,Steeplechase,2009,Biological passport anomalies,2 years
566,Yevgeniy Mironov,Soviet Union,Shot put,1978,Anabolic steroids,18 months
567,Anna Mishchenko,Ukraine,Middle distance,2012,Biological passport,2 years
568,Dennis Mitchell,United States,Sprinting,1998BALCO scandal,TestosteroneAdmittance in court: HGH,2 years —
569,Diane Modahl,United Kingdom,Middle distance,1994,Testosterone,Fully exonerated
570,Ofentse Mogawane,South Africa,Sprinting,2006,Methylprednisolone,Public warning
571,Ghofrane Mohammad,Syria,Hurdling,2012,Methylhexaneamine,6 months
572,Felicia Moldovan (Felicia Tilea),Romania,Javelin throw,1990,"",2 years
573,Tim Montgomery,United States,Sprinting,2001 2000,"BALCO investigation: Steroids, HGH Public admittance in 2008: Testosterone, HGH",2 years
574,Amantle Montsho,Botswana,Sprinting,2014,Methylhexaneamine,2 years
575,Luis Morales,Puerto Rico,Sprinting,1988,"",2 years
576,Sara Moreira,Portugal,Long-distance,2011,Methylhexaneamine,6 months
577,Edder Moreno,Colombia,Shot put,2014,Stanozolol,2 years
578,Sheryl Morgan,Jamaica,Sprinting,2003,"",Public warning
579,Sergey Morozov,Russia,Race walking,2008 2011,EPO Biological passport anomalies,2 years Life ban
580,Ramolefi Motsieloa,Lesotho,Long distance,2014,Methylhexaneamine,2 years
581,William Motti,France,Decathlon,1989,"",2 years
582,Bertrand Moulinet,France,Race walking,2015,FG-4592 (HIF inhibitor),4 years
583,Hassan Mourhit,Belgium,Long distance,2008,Anastrozol,2 years
584,Mohammed Mourhit,Belgium,Middle/Long distance,2002,EPO,2 years
585,Gael Mulhall,Australia,"Discus throw, shot put",1981,Anabolic steroids,18 months
586,Ángel Mullera,Spain,Steeplechase,2015,Refusal,2 years
587,Steve Mullings,Jamaica,Sprinting,20042011,TestosteroneFurosemide,2 yearsLife ban
588,Julia Mumbi Muraga,Kenya,Marathon,2014,EPO,2 years
589,Jauna Murmu,India,Sprinting,2011,Methandienone,2 years
590,Sammy Alex Mutahi,Kenya,Long distance,2011,"","Public reprimand, disqualification of result"
591,Elizabeth Muthuka,Kenya,Sprinting,2008,Norandrosterone,2 years
592,Semiha Mutlu Semiha Metlu-Ozdemir,Turkey,Race walk,2011,Biological passport,2 years and 6 months
593,Carl Myerscough,Great Britain,Shot put,1999,Anabolic steroids,2 years
594,Melissa Myerscough (née Melissa Price),United States,Hammer throw,2003,THG,2 years
595,Larry Myricks,United States,Long jump,1990,Phenylpropanolomine,""
596,Cédric Nabe,Switzerland,Sprinting,2011,Whereabouts failure ×3,18 months Extended by CAS from 1 year
597,Rachid Nadij,Morocco,Long distance,2007,Ephedrine,3 months
598,Kaltouma Nadjina,Chad,Sprinting,2009,"",Reprimand and disqualification of result
599,Tezzhan Naimova,Bulgaria,Sprinting,20082013,Tampering with testDrostanolone,2 years Life ban
600,Cosmas Ndeti,Kenya,Long distance,1988,Ephedrine,3 months
601,Lisa Nemec,Croatia,Long distance,2015,EPO,4 years
602,John Ngugi,Kenya,Long distance,1993,Missed test,""
603,Antoni Niemczak,Poland,Marathon,1986,Nandrolone,2 years
604,Larisa Nikitina (Larisa Turchinskaya),Soviet Union,Heptathlon,1990,Amphetamines,""
605,Ilja Nikolajev,Estonia,Marathon,2013,Biological passport,2 years
606,Lars Arvid Nilsen,Norway,Shot put,1987 1992,"Probenecid, Anabolic steroids Metenolone",2 years Life ban
607,Cyrus Njui,Kenya,Long distance,2015,Methylephedrine,8 months
608,Siyabonga Nkonde,South Africa,Cross country running,2014,"",6 months
609,Nadia Noujani,Morocco,Long distance,2014,EPO,2 years
610,Jonathan Nsenga,Belgium,Hurdling,1997,Ephedrine,""
611,Juan Núñez,Dominican Republic,Sprinting,1983,Fencamfamine,""
612,Liliya Nurutdinova,Russia,Middle distance,1993,Stanozolol,4 years
613,Musa Amer Obaid,Qatar,Steeplechase,2006,Testosterone,2 years
614,Al Oerter,United States,Discus throw,1976,Anabolic steroids. (Self-admitted),—
615,Deborah Oluwaseun Odeyemi,Niger,Sprinting,2015,Metenolone,4 years
616,Amaka Ogoegbunam,Nigeria,Sprinting,2009,Metenolone,3 years
617,Femi Ogunode,Qatar,Sprinting,2011,Clenbuterol,2 years
618,Christine Ohuruogu,Great Britain,Sprinting,2006,3 whereabouts failures,1 year
619,Aham Okeke,Norway,Sprinting,19942006,"Testosterone, Pseudoephedrine Testosterone",30 monthsLife ban
620,Samuel Okon,Nigeria,Hurdling,2010,Methylhexanamine,""
621,Iulia Olteanu,Romania,Cross country,1996,Stanozolol,2 years
622,Omolara Omotosho,Nigeria,Sprinting,2009,Metenolone,2 years
623,Mary Onyali-Omagbemi,Nigeria,Sprinting,1996,Ephedrine,3 months
624,Janet Ongera,Kenya,Long distance,2002,Norandrosterone,2 years
625,Josephine Onyia,Spain,Hurdling,2008 2011 2015,"Methylhexaneamine, Clenbuterol Methylhexaneamine Metenolone",2 years 2 years Life ban
626,Charity Opara,Nigeria,Sprinting,1992,"",4 years
627,Helder Ornelas,Portugal,Marathon,2010,Biological passport,4 years
628,Yolanda Osana,Dominican Republic,Hurdling,2012,Stanozolol,2 years
629,Oludamola Osayomi,Nigeria,Sprinting,2010,Methylhexaneamine,""
630,Artur Osman,Poland,Long distance,2005,Norandrosterone,2 years
631,Nadzeya Ostapchuk,Belarus,Shot put,2012 2005 (Retested in 2012),"Metenolone Formestane, 4-Hydroxytestosterone",4 years
632,Hanane Ouhaddou,Morocco,Steeplechase,2009,Biological passport,2 years
633,Lawretta Ozoh,Nigeria,Sprinting,2012,Stanozolol,2 years
634,Noraldo Palacios,Colombia,Javelin throw,2008,Betamethasone,6 months
635,Gergely Palágyi,Hungary,Hurdling,2006,Stanozolol,2 years
636,Diego Palomeque,Colombia,400 m,2012,Testosterone,2 years
637,Géza Pauer,Hungary,Sprinting,2006,Boldenone,2 years
638,Vita Pavlysh,Ukraine,Shot put,1999 2004,Stanozolol Stanozolol,2 years Life ban
639,Yevgeniya Pecherina,Russia,Discus throw,2011 2013,MethandienoneOral Turinabol,2 years 10 years
640,Arne Pedersen,Norway,Shot put,1987,Probenecid,3 years
641,Larisa Peleshenko,Russia,Shot put,1995,Steroid,4 years
642,Lyubov Perepelova,Uzbekistan,Sprinting,2005,Hydrochloromethyltestosterone,2 years
643,Vanja Perišić,Croatia,Middle distance,2008 (Sample re-analysed 2009),CERA,2 years
644,Sandra Perković,Croatia,Discus throw,2011,Methylhexanamine,6 months
645,Asko Pesonen,Finland,High jump,1977,Anabolic steroid,1 year
646,Tetiana Petlyuk,Ukraine,Middle distance,2009,Biological passport anomalies,2 years
647,Antonello Petrei,Italy,Long distance,2007,NESP (EPO),2 years
648,Totka Petrova,Bulgaria,Middle distance,1979,Anabolic steroids,8 months
649,Antonio Pettigrew,United States,400 m,1997–2001,"Admittance in court: HGH, EPO",2 years
650,Denis Petushinskiy,New Zealand,Pole vault,1998,Stanozolol,4 years
651,Lebogang Phalula,South Africa,Cross country running,2011,Methylhexaneamine,1 year (Extended from 3 months)
652,Chris Phillips,United States,110 m hurdles,2003,Modafinil,Public warning
653,Amaia Piedra,Spain,Long distance,2005,EPO,2 years
654,Bruce Pirnie,Canada,Shot put,"",Self admittance (Dubin inquiry): Steroids,""
655,Darya Pishchalnikova,Russia,Discus throw,20072012,Fraudulent substitution of urine Oxandrolone,33 months 10 years
656,Vladyslav Piskunov,Ukraine,Hammer trow,1994 2005,Drostanolone,Life ban
657,Darya Pizhankova,Ukraine,Sprinting,2011 2013,StanozololDrostanolone,2 years Life ban
658,Maurie Plant,Australia,Manager,"",Official who substituted one athlete's urine for another prior to a test.,""
659,Daniel Plaza,Spain,Race walking,1996,Nandrolone,2 years
660,Ben Plucknett,United States,Discus throw,1981,Anabolic steroids,""
661,Hristos Polihroniou,Greece,Hammer throw,2005 2008,Clomiphene Refusal to submit to doping control,2 years Life ban
662,Dmitriy Polyunin,Uzbekistan,Javelin throw,1993,Stanozolol,""
663,Liliana Popescu,Romania,Middle distance,2008,EPO,2 years
664,Svetlana Pospelova,Russia,400 m,2000,Stanozolol,2 years
665,Asafa Powell,Jamaica,Sprinting,2013,Oxilofrine,6 months
666,Donovan Powell,Jamaica,Sprinting,1995,Ephedrine,3 months
667,Kofi Amoah Prah,Germany,Long jump,20082009,CocaineCompeting while banned,2 years 2 years
668,Iva Prandzheva,Bulgaria,Triple jump/Long jump,1996 2000,MethandrostenoloneNandrolone,2 years (Reduced from 4) Life ban
669,Callum Priestley,Great Britain,Hurdling,2010,Clenbuterol,2 years
670,Marin Premeru,Croatia,Shot put,2016,GHRP-2,4 years
671,Yelena Prokhorova,Russia,Heptathlon,2005,"",1 year
672,Marcelo Pugliese,Argentina,Discus throw,2006,Stanozolol,2 years
673,Susanne Pumper,Austria,Long distance,2008 2013,EPOPossession of a Prohibited Substance,2 years 8 years
674,Yekaterina Puzanova,Russia,Middle distance,2003,"Norandrosterone, androstenedione",2 years
675,Nataliya Pyhyda,Ukraine,Sprinting,2009,Stanozolol,2 years
676,Paul Quirke,Ireland,Shot put,1987,Missed test,""
677,Nikolay Raev,Bulgaria,Triple jump,1993,Amphetamine,""
678,Ebrahim Rahimian,Iran,Race walk,2013,"Testosterone, EPO",2 years
679,Paweł Rakoczy,Poland,Javelin throw,2008,Sibutramine,Public warning
680,Sara Ramadhani,Tanzania,Cross country running,2014,Isometheptene,2 years
681,Rashid Ramzi,Bahrain,Middle distance,2008 {Re-analysed in 2009),CERA,2 years
682,Allison Randall,Jamaica,Discus throw,2013,Hydrochlorothiazide,2 years
683,Kevin Rans,Belgium,Pole vault,2009,Corticosteroids,3 months
684,Meliz Redif,Turkey,Sprinting,2012,Biological passport,3 years
685,Dimitrios Regas,Greece,Sprinting,2008,Methyltrienolone,2 years
686,Julio Rey,Spain,Long distance,1999,Mesterolone,2 years
687,Butch Reynolds,United States,Sprinting,1990,Anabolic steroids,2 years
688,Antoine Richard,France,Sprinting,1987,"",2 years
689,Mark Richardson,Great Britain,Sprinting,1999,Nandrolone,18 months (reduced from 2 years)
690,Elisa Rigaudo,Italy,Race walking,2002,Caffeine,Public warning
691,Hristina Risteska,Macedonia,Sprinting,2015,"Stanozolol, methandienone, norandrosterone",4 years
692,José Rocha,Portugal,Long distance,2010,Biological passport anomalies,2 years
693,Mike Rodgers,United States,Sprinting,2011,Methylhexaneamine,9 months
694,Rosa America Rodríguez,Venezuela,Long distance,2010,Nandrolone,2 years
695,Zudikey Rodríguez,Mexico,Sprinting,2010,Methylhexanamine,6 months
696,Marielis Rojas,Venezuela,High jump,2011,Norandrosterone,2 years
697,Fabrício Romero,Brazil,High jump,2000,"",Public warning
698,Anália Rosa,Portugal,Long distance,2015,Methylprednisolone,2 years
699,Danuta Rosani,Poland,Discus throw,1976,Steroids,""
700,Ak Hafiy Tajuddin Rositi,Brunei,Sprinting,2013,Nandrolone,2 years
701,Duane Ross,United States,Hurdling,2001,"Possession, trafficking, attempted use (BALCO scandal)",2 years
702,Joshua Ross,Australia,Sprinting,2013,3 Whereabouts Failures within an 18-month period,1 year and 6 months
703,Serene Ross,United States,Javelin throw,2005,"Hydrochlorothiazide, Triamterene",2 years
704,Mark Rowe,United States,Sprinting,1989,Methyltestosterone,2 years
705,Yuliya Ruban,Ukraine,Marathon,2012,Biological passport,2 years
706,Andrey Rudnitskiy,Russia,Sprinting,2008,"Carphedon, cannabis",2 years
707,Timothy Rusan,United States,Triple jump,2004,"Tetrahydrocannabinol, Salbutamol",Public warning
708,Yuliya Rusanova,Russia,Middle distance,2011,Biological passport anomalies,2 years
709,Ronald Rutto,Kenya,Long distance,2012,EPO,2 years
710,Andrey Ruzavin,Russia,Race walking,2011,Biological passport anomalies,2 years and 6 months
711,Yelena Ryabova,Turkmenistan,Sprinting,2013,Dehydrochloromethyltestosterone,2 years
712,Mariya Ryemyen,Ukraine,Sprinting,2014,Methandienone,2 years
713,Kseniya Ryzhova,Russia,Sprinting,2014,Trimetazidine,9 months
714,Natalya Sadova,Russia,Discus throw,2001 2006,Caffeine Methandienone,Public warning 2 years
715,Darya Safonova,Russia,Sprinting,2005,Pemoline,2 years
716,Jan Sagedal,Norway,Shot put,1987 1992,Probenecid Methandienone,2 years4 years
717,Tuğçe Şahutoğlu,Turkey,Hammer throw,2013,Stanozolol,2 years
718,Ali Saïdi-Sief,Algeria,Long distance,2001,Nandrolone,2 years
719,Jaysuma Saidy Ndure,Norway,Sprinting,2007,Cannabis,"Public warning, disqualification of results"
720,Pınar Saka,Turkey,Sprinting,2010,Biological passport,3 years
721,Mounira Al-Saleh,Syria,Sprinting,2005 2010,StanozololStanozolol,2 years Life ban
722,Jeremias Saloj,Guatemala,Long-distance,2013,EPO,2 years
723,Sergio Sanchez,Spain,Long distance,2013,EPO,2 years
724,Leevan Sands,Bahamas,Triple jump,2006,Levmetamfetamine,6 months
725,Fabiane dos Santos,Brazil,Middle distance,19952001,NandroloneTestosterone,4 yearsLife ban
726,Leonardo Elisiário dos Santos,Brazil,Triple jump,2009,Stanozolol,2 years
727,Vladimir Sasimovich,Belarus,Javelin throw,2004,Stanozolol,2 years
728,Lindsey Scherf,United States,Long distance,2007,Refusal to submit to doping control,1 year
729,Alex Schwazer,Italy,Race walking,201220122016,EPOEvading doping controlAnabolic steroid,42 months 3 months 8 years
730,Dorian Scott,Jamaica,Shot put,2006,Cannabis,Public warning
731,Gregory Sedoc,Netherlands,Hurdling,2011,3 whereabouts failures,1 year
732,Hezekiél Sepeng,South Africa,Middle distance,2005,Norandrosterone,2 years
733,Mustapha Sdad,Morocco,Hurdling,2002,"",3 years
734,Mohammed Shaween,Saudi Arabia,Middle distance,2011,Biological passport,3 years
735,Tony Sharpe,Canada,Sprinting,1980s,Self admittance of steroid use (Dubin inquiry),""
736,Anzhelika Shevchenko,Ukraine,Middle distance,2011,Biological passport,2 years
737,Dmitriy Shevchenko,Russia,Discus throw,1995,Metandienone metabolite,4 years
738,Olga Shishigina,Kazakhstan,Hurdling,1996,Stanozolol,2 years (Reduced from 4 years)
739,Olga Shchukina,Uzbekistan,Shot put,2004,Clenbuterol,2 years
740,Oleksiy Shelest,Ukraine,Race walking,2009,Carphedon,2 years
741,Natalya Shekhodanova,Russia,Hurdling,19962004,StanozololStanozolol,2 yearsLife ban
742,Svitlana Shmidt,Ukraine,Middle distance,2012,Biological passport,4 years
743,Liliya Shobukhova,Russia,Marathon,2009,Biological passport,2 years and 7 months(Reduced from 3 years and 2 months)
744,Marina Shmonina,Russia,Sprinting,1993,Stanozolol,4 years
745,Sadaf Siddiqui,Pakistan,Sprinting,2010,"",2 years
746,Ileana Silai,Romania,Middle distance,1979,Anabolic steroids,8 months
747,Zdeňka Šilhavá,Czechoslovakia,Discus throw,1985,Anabolic Steroids,18 months (Reduced from life ban)
748,Fernando Silva,Portugal,Long distance,20062013,EPO Biological passport,2 years8 years
749,Lucimara da Silva,Brazil,Heptathlon,2009,EPO,2 years
750,Simone Alves da Silva,Brazil,Long-distance track running,20102011,Oxilofrine EPO,3 months 5 years
751,Boštjan Šimunic,Slovenia,Triple jump,2006,Drostanolone,2 years
752,Sherone Simpson,Jamaica,Sprinting,2013,Oxilofrine,6 months
753,Neelam Jaswant Singh,India,Discus throw,2005,Pemoline,2 years
754,George Skafidas,Greece,Coach,"","Tampering, possession of a prohibited substance, trafficking and administration of a prohibited substance",Life ban
755,German Skurygin,Russia,Race walking,1999,Human chorionic gonadotrophin,2 years
756,Ilona Slupianek,East Germany,Shot put,1977,Nandrolone,1 year
757,Irina Slyusar,Soviet Union,Sprinting,1991,Strychnine,3 months
758,Traves Smikle,Jamaica,Discus Throw,2013,Hydrochlorothiazide,2 years
759,Yelena Soboleva,Russia,Middle distance,2007,Fraudulent substitution of urine,33 months
760,Carolin Soboll,Germany,Javelin throw,2000,Nandrolone,2 years
761,Michael Sokolowski,Canada,Sprinting,1980s,Self admittance of steroid use (Dubin inquiry),""
762,Vasiliy Sokov,Russia,Triple jump,1995,Ephedrine,3 months
763,Natallia Solohub,Belarus,Sprinting,2001,Norandrosterone,2 years
764,Song Hongjuan,China,Race walking,2008,EPO,4 years
765,Song Liqing,China,Long distance,2001,"",2 years
766,Anastasiya Soprunova,Kazakhstan,Hurdling,2016,Stanozolol,4 years
767,Dmitriy Sorokin,Russia,Triple jump,2011,Carphedon,2 years
768,Javier Sotomayor,Cuba,High jump,19992001,Cocaine Nandrolon,1 year (Reduced from 2 years)
769,João Gabriel Sousa,Brazil,Pole vault,2009,"Exemestane, boldenone",2 years
770,Wallace Spearmon,United States,Sprinting,2014,Methylprednisolone,3 months
771,Lansford Spence,Jamaica,Sprinting,2009,Methylhexanamine,3 months
772,Tânia Spindler,Brazil,Race walking,2012,Isometheptene,Public reprimand
773,Gundega Sproģe,Latvia,Triple jump,1999,Anabolic steroid,2 years
774,Vania Stambolova,Bulgaria,Hurdling,2007,Testosterone,2 years
775,Michalis Stamatogiannis,Greece,Shot put,2014,Stanozolol,2 years
776,Claudia Ștef (Claudia Iovan),Romania,Race walking,2000,Nandrolone,2 years
777,Ato Stephens,Trinidad and Tobago,Sprinting,2009,"Oxandrolone, Stanozolol and Tamoxifen",2 years
778,Ray Stewart,Jamaica,Coach,2010,Trafficking and administering of prohibited substances,Life ban
779,Elena Stoyanova,Bulgaria,Shot put,1978,Anabolic steroids,18 months
780,Mike Stulce,United States,Shot put,19901993,TestosteroneMestanolone,2 yearsLife ban
781,Sui Xinmei,China,Shot put,1991,Steroids,2 years
782,Sun Yingjie,China,Long distance,2005,Androsterone,2 years
783,Lars Sundin,Sweden,Discus throw,1987,Testosterone,18 months
784,Göran Svensson,Sweden,Discus throw,1987,Testosterone,18 months
785,Art Swarts,United States,Discus throw,1986,Testosterone,banned
786,Luketz Swartbooi,Namibia,Long distance,2005,"Prednisolone, prednisone",Public warning
787,Olesya Syreva,Russia,Middle distance,20112015,Biological passportMetenolone,2 years8 years
788,Attila Szabó,Hungary,Decathlon,2013,3 whereabouts failures,1 year
789,Gina Coello Tache,Honduras,Marathon,2001,Nandrolone,2 years
790,Gregg Tafralis,United States,Shot put,19951999,Methandienone,2 years (Reduced from 4 years)Life ban
791,Teddy Tamgho,France,Triple jump,2014,3 whereabouts failures,1 year
792,William Tanui,Kenya,Middle distance,1993,Ephedrine,""
793,Yoel Tapia,Dominican Republic,Sprinting,2012,Methylhexaneamine,6 months
794,Kory Tarpenning,United States,Pole vault,1997,Anabolic steroids,2 years
795,Angella Taylor-Issajenko,Canada,Sprinting,1979–1988,"Self admittance of steroid use (Dubin inquiry): metandienone, oxandrolone, metenolone enanthate, nandrolone, human growth hormone, L-dopa, testosterone, Inosine, Furazabol",Loss of national and world records
796,Gladys Tejeda,Peru,Long distance,2015,Furosemide,6 months
797,Lucimar Teodoro,Brazil,Hurdling,2009,Fenproporex,2 years
798,Olga Tereshkova,Kazakhstan,400 metres,20112014,TestosteroneMethyltestosterone,2 yearsLife ban
799,Ana Mirela Ţermure,Romania,Javelin throw,2001,Norandrosterone,2 years
800,Ekaterini Thanou,Greece,Sprinting,2004,Missed tests,2 years
801,James Kibocha Theuri,France,Long distance,2014,Whereabouts failures,1 year
802,Cheryl Thibedeau,Canada,Sprinting,1987 1992,Self admittance of steroid use (Dubin inquiry),2 years Life ban
803,Tsholofelo Thipe,South Africa,Sprinting,2012,"Norandrosterone, testosterone",2 years
804,Eric Thomas,United States,Hurdling,2003,Modafinil,Disqualification and public warning
805,Susen Tiedtke,Germany,Long jump,1995,Turinabol,2 years
806,Khalid Tighazouine,Morocco,Middle distance,2004,Nandrolone,2 years
807,Ville Tiisanoja,Finland,Shot put,2006,Testosterone,2 years
808,Irina Timofeyeva,Russia,Marathon,2009,Bilogical passport,2 years
809,Josiane Tito,Brazil,Sprinting/Middle distance,2009,EPO,2 years
810,Mamorallo Tjoka,Lesotho,Long distance,2014,"Norandrosterone, Clenbuterol, Methylhexaneamine, Ephedrine and Prednisolone",2 years
811,Nadiya Tkachenko,Soviet Union,Pentathlon,1978,Anabolic steroids,18 months
812,Nataliya Tobias,Ukraine,Middle distance,2011,Testosterone,2 years
813,Ambesse Tolosa,Ethiopia,Long distance,2008,Morphine,2 years
814,Tatyana Tomashova,Russia,Middle distance,2007,Fraudulent substitution of urine,33 months
815,Dragutin Topić,Serbia and Montenegro,High jump,2001,Nandrolone,2 years
816,Kevin Toth,United States,Shot put,2003,THG,2 years
817,Laïla Traby,France,Long distance,2014,EPO and refusal,3 years
818,Silvana Trampuz,Australia,Long distance,2001,Nandrolone,2 years
819,Marina Trandenkova,Russia,Sprinting,1996,Bromantane,Reprimand
820,Alex Trembach,Israel,Sprinting,2008,Norandrosterone,2 years
821,Ivan Tsikhan,Belarus,Hammer throw,2004 (Sample retested 2012),Methandienone,2 years
822,Maria Tsirba,Greece,Middle distance,2003,"EPO, Ephedrine",2 years
823,Athanasia Tsoumeleka,Greece,Race walking,2008,CERA,2 years
824,Lyubov Tsyoma (Lyubov Kiryukhina-Tsyoma),Russia,Middle distance,1997,Stanozolol,2 years
825,Markku Tuokko,Finland,Shot put/Discus throw,1977,Anabolic steroid,1 year
826,Erik Tysse,Norway,Race walking,2010,CERA,2 years
827,Romas Ubartas,Lithuania,Discus throw,19932002,Boldenone Boldenone,4 years
828,Giampaolo Urlando,Italy,Hammer throw,1984,Testosterone,""
829,Sergiu Ursu,Romania,Discus throw,20042013,NandroloneNorandrosterone,2 years 2 years
830,Binnaz Uslu,Turkey,Running,20072011 (sample re-analysed 2013),TestosteroneStanozolol,2 years Life ban
831,Roman Usov,Russia,Steeplechase,2008,Carphedon,2 years
832,Jaanus Uudmäe,Estonia,Triple/long jump,2007,Sibutramine,Public warning
833,Martti Vainio,Finland,Long distance,1984 1983–1984,"Positive test: Metenolone Self admittance: Blood transfusions, Testosterone",18 months (Reduced from life ban)
834,Euclides Varela,Cape Verde,Long distance,2012,3 whereabouts failures,18 months
835,Roland Varga,Hungary,Discus throw,2006,Boldenone,2 years
836,Andrei Varantsou,Belarus,Hammer throw,2005 (Sample retested 2012) January 2013 October 2013,"Clomiphene, OxandroloneOral TurinabolOral Turinabol",4 years Life ban
837,Sebastian Varga,Romania,"",20062009,StanozololMetabolites of metandienone,2 years8 years
838,Aleksandr Vashchilo,Belarus,Hammer throw,2005,Cannabis,Public warning
839,Cristina Vasiloiu,Romania,Middle distance,2008,EPO,""
840,Nikolai Vedehin,Estonia,Middle distance,2015,Trimetazidine,4 years
841,Velko Velev,Bulgaria,Hammer throw,1975,Anabolic steroids,""
842,Michael Velter,Belgium,Triple jump,20062011,CannabisCannabis,3 months21 months
843,Venelina Veneva,Bulgaria,High jump,2007,Testosterone,2 years
844,Oksana Verner,Kazakhstan,Middle distance,2010,Stanozolol,2 years
845,Anna Verouli,Greece,Javelin throw,1984,Nandrolone,""
846,Ioan Vieru,Romania,Sprinting,2004,Stanozolol,2 years
847,Saurav Vij,India,Shot put,2010,Methylhexaneamine,2 years
848,Igor Vinichenko,Russia,Hammer throw,2013,Dehydrochloromethyltestosterone,2 years
849,Roman Virastyuk,Ukraine,Shot put,1991,"",""
850,Innis Viviers,South Africa,Sprinting,2003 2005,Stanozolol Stanozolol,2 years Life ban
851,Aleksey Voyevodin,Russia,Race walking,2008,EPO,2 years
852,Nadezhda Vorobieva,Russia,Middle distance,2004,Pemoline,2 years
853,Letitia Vriesde,Suriname,Middle distance,2003,Caffeine,Public warning
854,Yevhen Vynohradov,Ukraine,Hammer throw,2009,Nandrolone,2 years
855,Larry Wade,United States,Hurdling,2004,19-Norandrosterone,2 years
856,Alwin Wagner,West Germany,Discus throw,1977–1987,Self admittance: Steroids,—
857,Erick Walder,United States,Long jump,2004,"Amphetamine, Methamphetamine",2 years
858,Aleksander Waleriańczyk,Poland,High jump,2003,Caffeine,Public warning
859,Douglas Walker,Great Britain/ Scotland,Sprinting,1998,Nandrolone,2 years
860,Delisa Walton-Floyd,United States,Middle distance,1991,Amphetamine,4 years
861,Wang Jiali,China,Marathon,2012,Biological passport,2 years
862,Wang Jing,China,Sprinting,2009,Epitestosterone,4 years
863,Wang Lina,China,Long jump,2005,Norandrosterone,2 years
864,Wang Shizhu,China,Hammer throw,2013,"",Public reprimand
865,Gareth Warburton,United Kingdom,Middle distance,2014,"17α-methyl-5 β-androstane-3α,17β-diol",6 months
866,Solomon Wariso,Great Britain/ England,Sprinting,1994,Ephedrine,3 months
867,Wei Yanan,China,Long distance,2002,"",2 years
868,Renward Wells,Bahamas,Sprinting,2002,"",2 years
869,Joan Wenzel,Canada,Middle distance,1975,Ephedrine,""
870,Kelli White,United States,Sprinting,20032000–2003,"Positive test: Modafinil BALCO scandal/Admission: THG, EPO",2 years
871,Janine Whitlock,Great Britain,Pole vault,2002,Methandienone,2 years
872,Bobby-Gaye Wilkins,Jamaica,Sprinting,2010,Andarine (SARMs),2 years
873,Bernard Williams,United States,Sprinting,2004,Cannabis,Public warning
874,Christopher Williams,Jamaica,Sprinting,2009,Amphetamine and levmetamphetamine,2 years
875,Desai Williams,Canada,Sprinting,1980s,Self admittance of steroid use (Dubin inquiry),""
876,Diane Williams,United States,Sprinting,"",Self admittance: Anabolic steroids,—
877,Ivory Williams,United States,Sprinting,2010,Cannabis,3 months
878,Rhys Williams,United Kingdom,Hurdling,2014,"17β-hydroxyestra-4,9-diene-3-one",4 months
879,Tameka Williams,Saint Kitts and Nevis,Sprinting,2012,Possession and use or attempted use of prohibited substance or method,3 years
880,Solange Witteveen,Argentina,High jump,2001,Pemoline,2 years
881,Anna Włodarczyk,Poland,Long jump,1982,"",""
882,Xiong Qiying,China,Long jump,1997,"",""
883,Mariya Yakovenko,Russia,Javelin throw,2013,Dehydrochloromethyltestosterone,2 years
884,Nevin Yanit,Turkey,Hurdling,2013,Stanozolol Testosterone Biological passport,3 years
885,Oksana Yarygina,Russia,Javelin throw,2005,Metandienone (Dianabol),2 years
886,Iryna Yatchenko,Belarus,Discus throw,2004 (Sample retested in 2012),Methandienone,2 years
887,Antonina Yefremova,Ukraine,Sprinting,2012,Testosterone,2 years
888,Olga Yegorova,Russia,Distance,2007,Tampering: Fraudulent substitution of urine,33 months
889,Igor Yerokhin,Russia,Race walking,20082013,EPOBiological passport,2 years Life ban
890,Vasiliy Yershov,Soviet Union,Javelin throw,1978,Anabolic steroids,18 months
891,Elif Yildirim,Turkey,Sprinting,2013,Dehydrochloromethyltestosterone,2 years
892,Yin Anna,China,Steeplechase,2014,EPO,2 years
893,Daniela Yordanova,Bulgaria,Middle distance,2008,Testosterone,2 years
894,Lyudmyla Yosypenko,Ukraine,Heptathlon,2011,Biological passport,4 years
895,Jerome Young,United States,Sprinting,19992004,Nandrolon EPO,Life ban (2nd ADRV)
896,Nailiya Yulamanova,Russia,Marathon,2009,Biological passport,2 years
897,Irina Yumanova,Russia,Race walking,2014,SARMs,2 years
898,Andriy Yurin,Ukraine,Race walking,2008,3 whereabouts failures,1 year
899,Fatima Yvelain,France,Long distance,2012,EPO,2 years
900,Aziz Zakari,Ghana,Sprinting,2006,Stanozolol,2 years
901,Joy Sakari Joy Nakhumicha Sakari,Kenya,Sprinting,2015,Furosemide,4 years
902,Mahdi Zamani,Iran,400 m,2011,Methandienone,2 years
903,Carmen Zamfir-Gilhase,Romania,Hurdling,2004,Stanozolol,2 years
904,Ruddy Zang Milama,Gabon,Sprinting,2014,"",7 months
905,Yuliya Zaripova,Russia,Steeplechase,2011,Biological passport abnormalities,2 years and 6 months
906,Oksana Zelinskaya,Kazakhstan,Triple jump,1997,Ephedrine,Public warning and disqualification
907,Olha Zemlyak,Ukraine,Sprinting,2009,Norandrosterone,2 years
908,Zhang Qi,China,Shot put,2008,Anabolic agent,4 years
909,Zhou Tianhua,China,Shot put,1993,"",""
910,Zhou Wei,China,Sprinting,2000,"",2 years
911,Zohar Zimro,Israel,Marathon,2012,"",Public reprimand
912,Yevgeniya Zinurova,Russia,Middle distance,2010,Biological passport abnormalities,2 years
913,Khalid Zoubaa,France,Long distance,2007,EPO,3 years
914,Ellina Zvereva,Belarus,Discus throw,1992,Steroids,""
